Id,y
10000,-66.00242349023125
10001,451.40650440115496
10002,-461.67641706029895
10003,40.50120875372341
10004,-126.74472245403712
10005,-342.53455181925085
10006,-396.5555421135891
10007,335.5412790790873
10008,-99.51242087062353
10009,304.8125398062759
10010,68.89453048978548
10011,412.3691954559067
10012,54.94237102476797
10013,-17.005550754779556
10014,-597.8499575722615
10015,443.50228878641485
10016,144.77448697804348
10017,-57.41116367253657
10018,134.3878275774606
10019,-108.98377598910872
10020,153.82482842506676
10021,611.7359836022026
10022,588.3896503384219
10023,-131.01679995801973
10024,-61.135621141229606
10025,-374.24849531697305
10026,74.15799307965406
10027,137.4383787361044
10028,420.08661179679035
10029,196.7656257134428
10030,268.4428498005313
10031,638.4749102511087
10032,127.37873138691948
10033,1.3491187584000779
10034,22.710453177407857
10035,342.23953452256495
10036,307.70396697417203
10037,348.1382087009402
10038,-168.65286130735427
10039,-20.221130904617297
10040,-551.7499275731114
10041,-429.9718040667405
10042,261.89195870674365
10043,389.8204261292213
10044,-96.16562227356567
10045,-210.7108012563243
10046,278.8818687840115
10047,-427.45330103104925
10048,-172.90325291756724
10049,467.2643783557854
10050,-631.5587355874392
10051,-355.53165933817877
10052,143.17327553860378
10053,69.19920259894216
10054,275.5882739767256
10055,-263.1886122041024
10056,167.4983072324124
10057,104.57789589014261
10058,230.0700866100758
10059,20.9880266445765
10060,-4.822581262501443
10061,-201.92294081063744
10062,560.0639265657702
10063,55.28847625244911
10064,671.3015746918348
10065,-493.74873828522857
10066,-279.35303673259193
10067,-53.71252761314803
10068,379.69819550097554
10069,315.07141085798173
10070,169.13001732614302
10071,-271.5993032690113
10072,783.8022226750345
10073,44.57731151554842
10074,57.406780054577425
10075,-161.07827414306823
10076,-220.66957847885732
10077,223.24129442929151
10078,352.6655955437543
10079,13.163291366265709
10080,-461.9941469857302
10081,305.3721466914233
10082,-230.59656173861126
10083,359.07444324254396
10084,-430.26056337592144
10085,-115.54882205546228
10086,-88.96006387867376
10087,-488.29018980804227
10088,-139.35033854713495
10089,57.33880810852654
10090,-190.33624272166404
10091,-6.508092914824426
10092,189.29107774701856
10093,346.60367818565527
10094,871.6273206485898
10095,-147.0135373865386
10096,443.48993777943
10097,-30.498432974437186
10098,185.463457534459
10099,-119.91717151732799
10100,43.57523800180781
10101,58.31857155224436
10102,-197.15246829839748
10103,-70.47160678841198
10104,-342.8460532886676
10105,-29.233589873716987
10106,49.52292929610331
10107,-16.246144137913305
10108,33.775069261606895
10109,-68.88307748324124
10110,25.863399493696768
10111,-617.3142842716962
10112,-185.9044130119489
10113,323.78310610938667
10114,-35.662195722127684
10115,-733.529771161384
10116,-240.73856264736094
10117,-381.9731466242489
10118,75.31994462169469
10119,36.61032645911752
10120,-28.756270225023314
10121,-481.1606279685881
10122,408.8502304229887
10123,-765.0217471991633
10124,178.07269651637043
10125,-7.649879385672873
10126,134.79684623375923
10127,-477.4585142128702
10128,-248.70625301323625
10129,-361.8846572238642
10130,-18.755611748554045
10131,7.795604374434621
10132,-109.105989725384
10133,-63.073745242194434
10134,591.8231837349159
10135,259.6126336966279
10136,-279.8658320087675
10137,93.22535940051851
10138,-427.2873154191348
10139,84.38656633089812
10140,-311.54463064415586
10141,11.4192686125614
10142,-297.8314684235848
10143,-331.92897096864334
10144,656.0132305257308
10145,-476.662681365054
10146,361.1940451337746
10147,-150.18526861192302
10148,299.9467190243239
10149,-191.72143219270788
10150,151.9499951161199
10151,-64.6727578157641
10152,351.24486163063364
10153,-370.6364457562725
10154,349.2249817861105
10155,273.52460961680134
10156,783.1971843196876
10157,-124.23788973574028
10158,-155.2200443299083
10159,-506.95564938641024
10160,201.69321238561542
10161,-415.17405715963633
10162,-348.1651051695644
10163,-201.95224108680972
10164,-658.9504470533367
10165,179.34640168171512
10166,124.0692581616875
10167,-209.1502535520175
10168,213.70513477400578
10169,-82.11721023808958
10170,-97.11026989726913
10171,124.26800574648054
10172,50.28991565714299
10173,538.743959281337
10174,630.0175345543369
10175,217.2592778265445
10176,-491.73374132670784
10177,-131.1417511388326
10178,362.3930224172948
10179,-14.363038055408152
10180,-30.26175736167619
10181,-107.32358076729894
10182,-334.0625929296719
10183,299.50639964643295
10184,-103.47221484505376
10185,179.8204994671944
10186,122.20070887900721
10187,86.58037161690635
10188,386.48256056699194
10189,-613.3611745045826
10190,-269.816387383463
10191,260.7314512622863
10192,-44.62016128042784
10193,-159.15717576416813
10194,-145.24559879357506
10195,447.22821487600146
10196,476.3569859695948
10197,121.79421345327269
10198,-1.535679056106118
10199,410.74409653878075
10200,90.82809979964723
10201,150.0733695684507
10202,24.033652961546963
10203,273.8866340536307
10204,-154.52926038025143
10205,42.58890150706597
10206,617.3417063168563
10207,38.93936076142968
10208,-91.43610119490393
10209,225.35327477391107
10210,151.05827577085662
10211,-86.9166477364603
10212,-101.71788958007282
10213,161.93776502605485
10214,357.87041410354533
10215,32.14597818655446
10216,-379.14539920029216
10217,-165.94213222367165
10218,257.45392169454107
10219,-124.83850779184128
10220,47.08451472299182
10221,-67.05065138980189
10222,287.1733441341639
10223,836.2674277701628
10224,-78.73329260205638
10225,-293.00922915219405
10226,284.91632646225594
10227,377.95143200822804
10228,-473.94261958972277
10229,-538.809454976604
10230,-372.9047504031867
10231,-83.37700889968724
10232,157.46205951911298
10233,167.50291456151032
10234,-105.69040574319638
10235,561.1616879176282
10236,-149.35531895746777
10237,196.9668051235222
10238,-33.81991172757961
10239,5.199419882337391
10240,-121.70842296063238
10241,53.47357981737836
10242,531.2918938411249
10243,-157.60262258937598
10244,-183.77196239261247
10245,643.8322464256628
10246,17.780306010129138
10247,-92.07939719460292
10248,485.4931646050749
10249,-221.23657860793932
10250,490.6065050484615
10251,-43.67715915425021
10252,139.93322987117625
10253,207.5044744276109
10254,17.09264702436043
10255,-396.4720331605295
10256,-168.30166761529185
10257,-75.59324100124424
10258,-292.07350780076945
10259,-59.373665346633096
10260,247.36904706438432
10261,206.83112758185635
10262,17.462464464080313
10263,-181.81148500656948
10264,300.17615094548546
10265,-567.6387247955889
10266,311.593272852635
10267,-9.92951183549183
10268,161.40782304547812
10269,272.38559922972377
10270,55.122457419425444
10271,-15.27826741219765
10272,286.4023019429026
10273,387.8886119434742
10274,-148.57888863638692
10275,171.95235244839606
10276,-411.5705922226789
10277,213.80253827075194
10278,133.93002437371743
10279,-99.01717750124185
10280,-162.41724224558212
10281,-39.07419011347894
10282,-295.1584521832393
10283,141.32481354359575
10284,163.0598300533455
10285,-55.45540146241756
10286,-145.7406760935214
10287,16.35046243635408
10288,-364.2985584828283
10289,558.663018737673
10290,40.05066121900749
10291,67.63734504296987
10292,559.8400846554663
10293,469.806947157416
10294,-149.49980105452963
10295,-328.8227866996964
10296,425.7713170466746
10297,85.5046624117946
10298,-166.91553705584926
10299,-662.2984070393499
10300,50.28039165300382
10301,-11.355718332961645
10302,-451.8112644495308
10303,78.67283313413135
10304,-386.8187999173567
10305,-273.2273830523719
10306,352.01504544002233
10307,-263.8480409181022
10308,-214.73022299361148
10309,-84.88115489738445
10310,745.8832791254226
10311,-418.9751084522739
10312,739.1991251661946
10313,-469.0774263529477
10314,481.82984486567136
10315,363.207974787441
10316,-270.2530418207191
10317,-399.59212471613205
10318,234.45728030706442
10319,-38.734693570326456
10320,238.36874871850708
10321,28.697441990182824
10322,238.23095785965285
10323,-130.00744030000132
10324,-681.29456177885
10325,61.58065295954269
10326,-444.92985067095907
10327,-14.71320839284054
10328,680.4767823428568
10329,288.7326064937644
10330,839.970490155672
10331,416.65747651917957
10332,167.35603728915677
10333,-86.77953786706858
10334,332.76996760043613
10335,-201.3344309342538
10336,-43.62508298784154
10337,-107.90237779609673
10338,-284.03573802517013
10339,232.60855717832587
10340,237.8331517153998
10341,74.39980567720312
10342,255.51770406364614
10343,-168.6496192856102
10344,68.56334601629001
10345,-365.4419817252606
10346,189.70649886094606
10347,-369.83324976670923
10348,-250.90024390237824
10349,76.31355019623192
10350,-344.94550923377585
10351,-187.4233932681256
10352,482.16975698252213
10353,125.75266972885974
10354,450.69194375218564
10355,216.17619018208208
10356,34.34193571930485
10357,57.51145596121519
10358,-211.41949894712712
10359,49.76249180949329
10360,76.11104020758438
10361,-29.19625449044066
10362,33.0489585287376
10363,364.56271216309983
10364,234.4828098731516
10365,-21.79655485908995
10366,-476.9378770477998
10367,43.567658993046734
10368,-310.9572136651693
10369,-46.94111622603712
10370,181.19558107133545
10371,-214.9624298200721
10372,-80.22706031522104
10373,841.2082291657373
10374,102.35678708586978
10375,37.29773804688176
10376,77.39818275960181
10377,435.79452149369223
10378,111.3947926515574
10379,-128.82922415387515
10380,573.0501210583961
10381,48.60246807791135
10382,-68.55414659218813
10383,56.68162450582995
10384,-360.3099319994401
10385,131.90192283450432
10386,-264.52589763343076
10387,-378.79324972499245
10388,-190.09929259976596
10389,862.9152130409618
10390,159.57649666231072
10391,514.0204635801456
10392,61.387667803407076
10393,720.8758958326578
10394,-450.9767310398024
10395,105.89444211999742
10396,-27.53260304400245
10397,-23.43556196677048
10398,331.2059982949457
10399,-156.0245639482408
10400,0.9477018385601145
10401,17.232405165319655
10402,143.23908417021255
10403,53.226451390746824
10404,41.013349269794354
10405,-129.39255146834745
10406,430.91652104593044
10407,-427.9096196573571
10408,49.11400485209181
10409,-221.64758038918762
10410,-313.75971218685044
10411,115.24452244706957
10412,96.10097204453568
10413,-399.915984942421
10414,-8.411407923563134
10415,733.1841324374687
10416,-332.4267664916509
10417,83.67612042194357
10418,339.7927486554425
10419,-35.115701314513835
10420,38.204335433877795
10421,-606.1984890559306
10422,194.2728533894617
10423,155.03155116158243
10424,-111.25647787348369
10425,-63.33937163651645
10426,403.935818728964
10427,690.9194303358597
10428,75.78129943644981
10429,-340.315406523576
10430,-195.7615954269782
10431,40.445138708755394
10432,-137.65418796029306
10433,-95.67479658954447
10434,290.84353787250257
10435,568.4646813472785
10436,351.2186507540746
10437,194.71516658168247
10438,-312.15084208719355
10439,-518.3107868724479
10440,-80.7515804806129
10441,-109.91053830578441
10442,491.4108364751962
10443,371.48514486049373
10444,343.85664466843537
10445,114.60785397368441
10446,-315.2044219098824
10447,83.10396509307097
10448,-82.59915101774038
10449,-182.21902722527616
10450,-294.9172924513051
10451,-294.21055531486974
10452,611.5470417356516
10453,-34.756134103592444
10454,-115.04157690057794
10455,263.2793379023755
10456,346.056512092838
10457,194.61161526911022
10458,257.3561496384945
10459,-303.2080949271153
10460,-173.19591085705974
10461,-88.53983448578471
10462,137.60161200011206
10463,337.04864927806483
10464,155.72523460362703
10465,-250.29079290523816
10466,148.06340015143556
10467,333.6821886093783
10468,-260.3363923834257
10469,340.30790922791454
10470,224.68535571269527
10471,-607.2797170619313
10472,-54.859592940918894
10473,-685.0910817258435
10474,268.25827077859424
10475,108.79743563388386
10476,-233.167617172721
10477,115.89088157850186
10478,75.28875461498488
10479,312.58695394034237
10480,78.42590704679466
10481,-509.6307964395822
10482,142.1529457847462
10483,-567.609674459884
10484,99.19784411013083
10485,181.76569364681035
10486,-27.40709839435828
10487,-646.8210508159748
10488,-261.6328162502993
10489,-398.876889197816
10490,-259.41075205618296
10491,-252.05740356799112
10492,-25.647967227331826
10493,-479.3579494231418
10494,109.91068619021908
10495,161.94257969114022
10496,-436.8071742397553
10497,-66.01220442256754
10498,-73.60538265407212
10499,51.00273944619418
10500,7.60968103216377
10501,-38.39048673108313
10502,493.59597060692846
10503,-303.4490805444864
10504,285.3630587606861
10505,236.930821219462
10506,-112.9028873820915
10507,-104.91639705404694
10508,70.11071172015156
10509,-334.40218077461805
10510,-526.152061351332
10511,26.695126681540273
10512,16.62507687890689
10513,-282.62391868623916
10514,-156.76438922324814
10515,-368.70385240105566
10516,87.26698388397374
10517,9.621961449394592
10518,159.33855433394953
10519,737.8354361900723
10520,-63.5256148968375
10521,253.39234540406787
10522,-195.4792622604788
10523,-233.60406275700615
10524,672.0430027603305
10525,161.02647811634003
10526,-86.92388588378228
10527,767.4499376317863
10528,300.14345470154285
10529,-264.63326212053056
10530,506.80692249836665
10531,413.73257578606155
10532,-227.95565420458553
10533,270.72182191824777
10534,166.27214538843185
10535,467.8359469952994
10536,691.0141927413327
10537,-235.19550162577502
10538,-204.49475633783655
10539,235.56549902566988
10540,481.5082289895016
10541,-404.2863716261731
10542,499.6345988790219
10543,-280.42362428355995
10544,349.63535701277476
10545,56.27921855932674
10546,377.7838241995532
10547,58.23929412508221
10548,424.2998121746483
10549,85.80041244154718
10550,-252.99288852458926
10551,172.86784495502067
10552,-190.10660020571413
10553,306.96428652366865
10554,-179.11766493342256
10555,-155.77590494004895
10556,-208.75257057910832
10557,-257.4259780204175
10558,-187.88708045784358
10559,178.95968589803073
10560,769.299424606766
10561,131.45400495646237
10562,-86.33605847725504
10563,-440.78969412879803
10564,522.2063378416925
10565,74.26044537058945
10566,-273.34519080824765
10567,23.885483202722014
10568,-140.8861901167377
10569,337.4418933254645
10570,63.425120244030936
10571,-78.12104360563977
10572,-209.41596150610644
10573,-354.3022169957901
10574,261.5495894072728
10575,252.78475303502233
10576,415.3327934963982
10577,-341.41062177496286
10578,-101.54306561728914
10579,-82.9800373443466
10580,-146.19185945083038
10581,-400.9570095088501
10582,114.68810161530716
10583,-318.40944917284054
10584,-27.12865111315002
10585,253.3920635503229
10586,-15.161597235909749
10587,490.27631015669743
10588,67.16055415516057
10589,-583.6536301606632
10590,566.8292227808818
10591,-659.7840206113418
10592,-280.3445865766317
10593,-618.4849576034641
10594,-403.08152177208245
10595,52.58079586777658
10596,154.1372478179052
10597,-187.18724588646148
10598,45.06432286401879
10599,389.86980245897513
10600,497.4944277009731
10601,-172.60466145696964
10602,-199.48804830691185
10603,146.33213540458797
10604,-745.9314211823649
10605,-230.9357823467967
10606,-157.73768823510486
10607,170.55585672160768
10608,58.52819579127401
10609,21.7782353770833
10610,-33.84543238859551
10611,527.0115321450177
10612,370.35979324782056
10613,-83.70884929336636
10614,-297.86678182751797
10615,379.6300416409048
10616,-194.49981867886456
10617,-59.08115423924108
10618,-59.0507414560858
10619,-265.7953310406415
10620,-488.3242148449632
10621,-28.13331681509694
10622,-110.89724251663881
10623,642.5198198743141
10624,-25.104958245575055
10625,368.2746547201456
10626,274.799213527042
10627,416.52612933638494
10628,110.57324867984315
10629,561.3783520521666
10630,497.14376211577667
10631,-201.6098773445093
10632,-370.0522982615886
10633,731.0573724235983
10634,-380.1370791551689
10635,-200.60251550520846
10636,272.08601189375514
10637,269.8405899107631
10638,-243.56399508534594
10639,-80.6420943458688
10640,-467.9770128985553
10641,384.10330917171285
10642,-158.51464076438253
10643,-321.1429089790806
10644,-72.30709812158334
10645,244.89650104863102
10646,-111.76687989927615
10647,-71.30354161628637
10648,-97.1490053451392
10649,387.9928529444626
10650,134.07976082545454
10651,-372.72453971834415
10652,-153.89734891410603
10653,376.05572467830655
10654,-45.066999727282166
10655,29.111024201617006
10656,-164.38841371392445
10657,291.3802875570238
10658,-389.6429089892454
10659,-145.45381366072795
10660,276.50614199272434
10661,-134.09381091718927
10662,82.94811155481146
10663,143.7733706105274
10664,230.85377823040847
10665,649.8980469913482
10666,188.10011410399252
10667,170.77221614376188
10668,-533.8474844790481
10669,-516.1349688253705
10670,-356.7869746721658
10671,480.9037432056482
10672,-54.535992961675426
10673,-272.66057204038054
10674,-89.16369341976713
10675,-97.40004082495985
10676,-264.29803775062646
10677,-558.8516759610408
10678,-18.223173989822506
10679,238.68337858797938
10680,-107.49682687897648
10681,-439.737149692274
10682,-366.08737762045
10683,540.4744022919012
10684,-335.91922953998875
10685,128.98481364662442
10686,-360.465059277884
10687,-211.01458656820037
10688,115.70383605399705
10689,-723.6333562247719
10690,380.89392210560885
10691,24.300969805755408
10692,-145.38761452740988
10693,-157.28295617853865
10694,134.1033600367296
10695,215.9571007711617
10696,-310.2061637343893
10697,18.01888369384313
10698,-287.16969472965906
10699,-244.8288894362392
10700,-126.15190632103042
10701,-276.8510336972008
10702,-63.90282319538413
10703,-268.2907419843654
10704,80.9906061870765
10705,135.4919764914788
10706,265.86171737073533
10707,290.1533893185743
10708,72.85750706987542
10709,-88.64501838284356
10710,-562.5238017086108
10711,-257.9685916645923
10712,-88.3281877322769
10713,-608.9048913545776
10714,16.64812984686725
10715,-117.99664144508849
10716,244.48813585825127
10717,60.961320646526836
10718,640.8504726114272
10719,15.073592658662188
10720,135.0064443047724
10721,39.523374533232634
10722,86.4456057413425
10723,20.337654615455527
10724,217.44242023198072
10725,-8.57484599024773
10726,172.39758731739906
10727,-326.0037487732897
10728,347.5813407240383
10729,128.9580390911453
10730,-379.7500886129536
10731,-134.70695705662473
10732,153.56888514342427
10733,-72.12278608897063
10734,183.30848830572663
10735,-456.5387761913789
10736,152.2753016259971
10737,-20.658280599070835
10738,245.6223283546582
10739,776.4009728233563
10740,-320.14345296022503
10741,-479.31970828477847
10742,-69.75434860290841
10743,-372.0104531960515
10744,397.2822473818086
10745,94.97293025154069
10746,-545.8700939849765
10747,92.71733084803297
10748,456.6232467986972
10749,140.33519629203957
10750,-542.6167845034422
10751,33.25617847305574
10752,237.54555311936628
10753,-260.5147806037741
10754,-227.74117804894522
10755,-18.37420794464453
10756,357.23207935778987
10757,234.16866322379536
10758,309.0494908647159
10759,109.41620907267819
10760,297.0462771953383
10761,431.2827186897727
10762,-285.9027541516834
10763,-461.1231850605631
10764,458.84116852029297
10765,-35.13247865793449
10766,-138.9667786727797
10767,435.878111354139
10768,-327.55173248124345
10769,-16.175842225600938
10770,32.687383150971655
10771,-143.1103609361337
10772,-82.91163796819326
10773,-26.395849579088768
10774,-295.90654248376865
10775,-300.9445513092775
10776,-157.037461760564
10777,-444.1054251705676
10778,55.54295923374438
10779,136.0957334337379
10780,-59.9342344141382
10781,774.786939355855
10782,-291.82146940254194
10783,449.65451335805244
10784,-231.20082491305283
10785,88.18058840405125
10786,511.6823816159444
10787,27.698913991854248
10788,69.7190034307853
10789,-684.0304286748196
10790,-181.16575418910773
10791,-592.2856835316273
10792,-326.37230449136865
10793,527.5739554313378
10794,-175.98223228892533
10795,555.3273243262502
10796,-40.06219256947679
10797,-242.90961184425637
10798,466.47500983220885
10799,209.7265782177993
10800,112.47399028633801
10801,655.9597092112726
10802,-253.672882013654
10803,-143.1400643690268
10804,261.9090334491254
10805,-51.430524620989196
10806,-646.5343714931213
10807,-114.11730645512912
10808,126.14931118008022
10809,204.59346285899494
10810,-300.39361365831365
10811,-415.68674588953974
10812,6.449152884280488
10813,72.801077774829
10814,160.66087208145217
10815,249.31168929181698
10816,-248.28534524656305
10817,7.830629922612732
10818,-466.3838270166584
10819,290.15144404460153
10820,-309.03320656333943
10821,528.6916611956262
10822,372.493847932254
10823,-328.08626630968564
10824,-94.65873407725147
10825,55.56919414045746
10826,67.34382419031695
10827,-533.6683812491314
10828,-128.10863350344846
10829,-542.9948584464192
10830,54.63463967258094
10831,182.6604348326789
10832,-41.2994857308911
10833,652.812763391736
10834,-336.9657807378884
10835,99.96282019773811
10836,811.790016336708
10837,-346.25211606530024
10838,103.69087960098359
10839,487.73608126333284
10840,120.89569101399164
10841,-324.32967405436966
10842,-136.41212971214873
10843,-41.92443003097738
10844,282.7029865802338
10845,345.62032897020487
10846,124.6979853475236
10847,-206.11335283373379
10848,155.93998583214054
10849,-443.76722994338536
10850,-273.3430034005967
10851,195.95033081854584
10852,-30.690040851399594
10853,86.56778659815461
10854,-312.21136188949623
10855,41.00524696145785
10856,307.675180199948
10857,532.9059494214049
10858,260.16168056338034
10859,362.00550753373693
10860,101.32898120196823
10861,38.44129613989421
10862,20.267674753902966
10863,117.44024988074611
10864,573.691182707856
10865,-507.5920585145005
10866,-211.76962671045663
10867,-78.39989740428126
10868,-319.57376765957326
10869,-267.4465644183345
10870,-780.857031967624
10871,50.22998055644328
10872,-298.549010817167
10873,23.39238652311665
10874,-76.29059741014746
10875,-257.5974704642545
10876,171.56436509796538
10877,-121.60078316248968
10878,-451.3737768554304
10879,81.13533884268254
10880,-212.55249317142625
10881,-3.53492722909537
10882,-408.25548100018483
10883,-158.6513319446583
10884,238.39834201613078
10885,-133.0357232736968
10886,-266.0840826060644
10887,247.74270438194776
10888,347.9665442832369
10889,-511.31524281086666
10890,21.815871215019328
10891,-163.84140964229124
10892,-472.5608363970475
10893,-365.00826715123486
10894,272.4371379322402
10895,92.37376374891646
10896,491.80814568465166
10897,-200.03605813580856
10898,144.3149082498745
10899,-554.358052419999
10900,-449.35755789415805
10901,565.01548017996
10902,446.3187580746215
10903,309.6973881874126
10904,282.92794140775
10905,176.1976281899678
10906,-315.1418517603812
10907,612.3377931152971
10908,274.2522312477309
10909,-19.436173058565423
10910,404.6254477705246
10911,47.26648142698545
10912,101.89624080960496
10913,98.14809562777873
10914,-231.3525824437229
10915,136.33612319164266
10916,-150.31005926794924
10917,461.19954997878796
10918,145.69015888427273
10919,-405.82374187555837
10920,-405.5525658750959
10921,213.67394365056148
10922,-204.80364027314425
10923,-118.57063791050841
10924,675.2302648290726
10925,145.16198786853414
10926,489.6870020199625
10927,-173.76557459369332
10928,89.6916846528364
10929,239.01179154230996
10930,-68.18000068660075
10931,93.66677561513264
10932,-196.5530172200869
10933,-711.7534447200933
10934,-104.15023991148958
10935,55.73003950122979
10936,74.24035058478634
10937,625.7495908769049
10938,234.986884868755
10939,221.59294793875688
10940,61.93159175679479
10941,239.73644833443663
10942,-21.338081818318358
10943,180.16473629709213
10944,14.918627995497932
10945,-374.86568834825187
10946,-397.5149288584034
10947,114.66690843216156
10948,-269.6162287989429
10949,0.13921221449172289
10950,-34.59484676069359
10951,72.73402122668143
10952,-188.8055631390383
10953,-365.5336719234539
10954,-67.59552255426779
10955,19.501170139178612
10956,212.7825901382338
10957,170.72284688263167
10958,48.75605588201854
10959,-239.44652279164634
10960,409.73820515518025
10961,399.86800565030893
10962,18.693100459976357
10963,165.76697195984366
10964,-124.38945349671059
10965,54.9945232127864
10966,640.4320745648686
10967,7.578792735554457
10968,-265.0476304100111
10969,1.692733091093257
10970,18.517133621267504
10971,-248.8516393016931
10972,106.86193154650802
10973,251.63914312090924
10974,133.8377395364064
10975,-358.26696137693074
10976,426.2614473176404
10977,71.9784224697403
10978,-322.0875596252204
10979,438.8402675015937
10980,-40.13211449134193
10981,283.80356865292623
10982,-487.9061953325847
10983,-86.93302825214776
10984,-470.8501510916905
10985,73.14648277315197
10986,-688.3900989407995
10987,392.478567566041
10988,-328.63103749553864
10989,149.39160063469248
10990,321.79311476060576
10991,584.3930870450633
10992,206.75729570024893
10993,36.54822599700791
10994,-37.77828521118815
10995,-551.0517094651369
10996,-107.85120387757013
10997,-176.8060279535305
10998,-356.8894911731827
10999,418.41458411247834
11000,-26.133496016981532
11001,-213.9095136280311
11002,246.579788819877
11003,-32.01102494971232
11004,-126.73258849582639
11005,26.91449155761935
11006,198.921973762952
11007,-18.843554414707036
11008,-119.51484607642364
11009,-389.903760531074
11010,-149.50928607147856
11011,-308.96203021469455
11012,-478.7771604137527
11013,-616.7291412522798
11014,-25.89082961138469
11015,-133.1765903168639
11016,-633.0587252293208
11017,-32.26329474560735
11018,28.795819581694907
11019,-290.00132364065996
11020,-168.02496539200092
11021,-173.8410200197395
11022,107.27955415166309
11023,278.3287852070006
11024,164.7366518159133
11025,596.7860199506166
11026,737.7802177171224
11027,-57.04439870388735
11028,-20.381913027885197
11029,193.11140830024652
11030,150.95242220368178
11031,-340.877925855867
11032,207.55657024653766
11033,-27.674726125892484
11034,-146.95165736571195
11035,-121.88066829612666
11036,144.47950532989023
11037,333.2095316788969
11038,-452.5131209680457
11039,-208.53684674422337
11040,265.84494752360956
11041,-86.1964595005009
11042,-456.0106179223634
11043,-377.73004720142785
11044,277.55668897045325
11045,-98.28816556864345
11046,-258.67741823285075
11047,508.51302164659074
11048,-27.829466767415312
11049,-397.83822522418785
11050,27.294231548041623
11051,55.46090696291302
11052,86.52443961502681
11053,-417.71826706416726
11054,265.07469217436994
11055,126.49537980057347
11056,-731.2337998933425
11057,26.76852907043161
11058,15.172424965474212
11059,603.1491770539612
11060,-68.5103690857608
11061,-630.158849738925
11062,391.4398950451705
11063,191.26739771271292
11064,-82.79915889804548
11065,874.2798355716819
11066,130.10220965607945
11067,24.825257629838696
11068,10.015684555530546
11069,407.55355195098457
11070,184.9337224498367
11071,699.4013403550849
11072,12.874182171249762
11073,-569.7950312054749
11074,-60.61826753027184
11075,-96.58944292586072
11076,19.660708357384408
11077,30.225969050066105
11078,-107.06858214835677
11079,-23.448153023308407
11080,-16.56348975511262
11081,18.767317998587934
11082,145.95038182220662
11083,-428.10275660092157
11084,-158.1747761103722
11085,-44.37808089678842
11086,-411.2997705448306
11087,218.4210180820252
11088,141.2453078447528
11089,316.634755970591
11090,93.680239825355
11091,154.16405402565522
11092,-132.92025023591034
11093,-293.8735713953071
11094,485.306345587875
11095,-271.22948150685494
11096,373.38314717843343
11097,-359.6695987563285
11098,-459.99230445069526
11099,209.05369852328172
11100,46.7400835148774
11101,-767.8965435991792
11102,-153.96946682570572
11103,-66.68289246156776
11104,-15.9440350808872
11105,16.075984344999952
11106,157.03893670157353
11107,585.6578635592915
11108,-259.638105979392
11109,264.4864666930858
11110,171.55865069952748
11111,182.06572554508497
11112,-336.8833733608918
11113,-403.23853870315224
11114,114.57772510795506
11115,161.83644349638976
11116,-628.0447010001053
11117,242.01175305538786
11118,362.86303611765385
11119,60.71370640424441
11120,-359.311231213259
11121,-379.08187950572665
11122,237.8377849497886
11123,-293.41750913992496
11124,-397.4513792029814
11125,159.58885605132573
11126,365.0374752135951
11127,-720.6128464897357
11128,500.16486577148413
11129,-11.26581000616305
11130,-69.35501502523807
11131,250.86562155967803
11132,-169.30678540802467
11133,120.43720692692617
11134,-39.95315782539352
11135,-520.8790659997445
11136,-631.1061053453728
11137,-189.45128724586758
11138,73.57078736644351
11139,39.63813193628238
11140,-459.83743877510466
11141,4.029071723496213
11142,-197.44889965681665
11143,62.389742569147145
11144,-186.44535236927163
11145,-133.6082201956019
11146,305.0229789528643
11147,-46.02246759214754
11148,-42.28147598500727
11149,-174.6134231397822
11150,-221.817424278166
11151,-177.5825537147669
11152,-1.6457791602111174
11153,92.1956147289278
11154,380.6366433481242
11155,5.176285533507714
11156,-43.26413786035998
11157,138.56909768313298
11158,-644.2373399718056
11159,-264.05264854098056
11160,388.07711133595285
11161,-314.57550396753203
11162,68.59577885369895
11163,313.9025059586705
11164,-174.13638000550011
11165,75.24506091716705
11166,-48.30049653479038
11167,366.32813493054243
11168,-300.95317522451967
11169,52.29547497280711
11170,199.76450852884648
11171,-291.4521388811774
11172,-221.25525714195123
11173,-347.63373665011403
11174,-203.16973722566016
11175,-377.9229754446046
11176,-39.059901238720656
11177,-27.657708986923524
11178,-4.840069011082837
11179,387.69317018167
11180,173.0752110086152
11181,932.2704016789723
11182,-79.75948934966529
11183,140.83197737225055
11184,39.684029858127296
11185,443.52420804431347
11186,342.3599487202387
11187,-137.8579525840632
11188,596.3305304911729
11189,207.64692642350684
11190,-628.7444696897268
11191,498.5177064988443
11192,-157.93924874004875
11193,351.1078397657423
11194,21.71133353560036
11195,-147.85882005549354
11196,204.572462749281
11197,29.47461824941302
11198,121.4339296412439
11199,-565.6199353865662
11200,-229.61058695852782
11201,-46.80447710874109
11202,686.9993413504824
11203,-439.3760081383562
11204,-564.3067809262278
11205,-449.4452387206121
11206,-187.01337557795352
11207,63.71447075230732
11208,226.53217961128973
11209,-238.2619588660747
11210,8.031752667967377
11211,-360.6886941851469
11212,-123.99311613868595
11213,-388.86461946300403
11214,21.02586263144643
11215,-301.5018712563039
11216,215.87740831289668
11217,403.5102100498001
11218,435.69760335692723
11219,-107.10092088372208
11220,186.04692078373654
11221,347.5694847398066
11222,258.8139591153046
11223,-431.3756614817933
11224,-169.35938198102002
11225,106.38668004303983
11226,11.406343347780034
11227,362.5962040295647
11228,-602.207354091148
11229,707.5559184457945
11230,202.17491878205473
11231,-50.33711976765704
11232,-170.32942345324918
11233,-33.31137090394983
11234,194.4298349201155
11235,-358.5893509674068
11236,-212.26535326917758
11237,-291.42110382226343
11238,295.55761894971135
11239,-278.9733872730839
11240,23.653653300109916
11241,-64.46361090683935
11242,-550.51306724134
11243,541.3432697524762
11244,95.06333041131006
11245,14.598207374632755
11246,108.60883519127059
11247,-390.9747091142432
11248,358.66641966090117
11249,-656.7373713546332
11250,39.621704040649924
11251,-112.1078139764178
11252,-3.996618183603413
11253,-399.3487785294672
11254,-189.94215830266762
11255,25.70500325461864
11256,-514.3423090508958
11257,42.90338899647277
11258,-18.932652421566885
11259,-109.3230964996572
11260,-32.899091713946355
11261,-543.8120026538537
11262,402.37108703097044
11263,36.24431537942721
11264,228.30407580009467
11265,346.38302227713734
11266,-401.2227069906856
11267,54.05719773136521
11268,6.862233348084536
11269,-3.8120805658924675
11270,-445.4514919738882
11271,162.0875187432695
11272,176.3675250138711
11273,-516.9719819284378
11274,189.99316009348993
11275,-164.45712796519345
11276,174.20994712832817
11277,-510.02977631488426
11278,174.78488510987123
11279,-352.74632432728407
11280,-145.46097708961693
11281,456.9718611706614
11282,-463.51489067262816
11283,-363.5842764043933
11284,-157.84808228490414
11285,-195.3606096202614
11286,152.04068775685658
11287,-197.09226766881764
11288,36.48096536872011
11289,993.2248779784695
11290,-387.0287931868151
11291,-6.616510882803253
11292,-272.0688608858402
11293,-138.59954551011066
11294,-105.03944861259991
11295,-21.52952440472321
11296,91.05719915022954
11297,-65.79119714947255
11298,164.4728771009369
11299,-17.997827027465085
11300,783.8866597139142
11301,-339.2311247243128
11302,-196.48456361783553
11303,357.21849540968253
11304,186.31062521156971
11305,138.09410368403138
11306,-11.6324614777385
11307,175.80916373420382
11308,-224.6173498323627
11309,68.8557964118676
11310,201.21113139003944
11311,257.87114287716275
11312,-432.8705595172988
11313,-893.9998008184391
11314,671.8650784658585
11315,-143.3726491912181
11316,622.238658666282
11317,179.3844262904726
11318,553.774408891906
11319,133.3992211640381
11320,-278.7634418316665
11321,-316.6280409529845
11322,503.41566288266694
11323,282.68713599665745
11324,-192.34979075415205
11325,-266.5062159351737
11326,28.442092691971915
11327,-502.8106644889347
11328,-284.89716781773996
11329,334.32539610270413
11330,131.85559421631297
11331,-163.06900527506676
11332,207.69781044505316
11333,84.53775535541743
11334,26.259629066103024
11335,-255.92213730636703
11336,51.282902742482136
11337,-102.04962146231135
11338,160.43430410628696
11339,285.3933559563088
11340,-58.84096452168154
11341,103.10534910665842
11342,-294.3112930187338
11343,376.90749077827576
11344,69.80186693396911
11345,866.0001885226104
11346,-39.37289658053941
11347,64.61420289331815
11348,-169.65603416906677
11349,-545.1873976320002
11350,-61.769636847537264
11351,-497.3202845338072
11352,462.2911105292886
11353,-153.2691425095556
11354,-206.00694145910273
11355,-139.6796790389994
11356,-86.3160350000835
11357,589.4439429065602
11358,213.39162365467126
11359,160.84269205249734
11360,189.14311879095467
11361,-353.62333168120375
11362,-195.46146888135146
11363,-130.9704878475706
11364,-411.89784821070873
11365,339.5361109610377
11366,278.70802857875645
11367,262.5393308909975
11368,-182.31524737855918
11369,312.5925398843065
11370,292.5069660284922
11371,-191.39812913021487
11372,97.19896589042838
11373,-323.06245196934833
11374,-641.6335236830924
11375,34.40431778594158
11376,332.61463954493985
11377,374.394290801145
11378,79.74057443698247
11379,-175.66454148011718
11380,161.8497799905454
11381,247.70962726907985
11382,90.73858219235971
11383,406.91954278272635
11384,-128.29338404491486
11385,131.27330755535513
11386,729.3094416276252
11387,721.9516507762636
11388,-177.9400006337248
11389,709.5229020169678
11390,68.44182794627667
11391,-488.0481067137034
11392,152.74593914617654
11393,-239.25028478333425
11394,-147.28095714479554
11395,-45.20831857564584
11396,-222.12449344542694
11397,-332.6152838819178
11398,-119.36737582300417
11399,411.59761537416625
11400,165.38288375399017
11401,488.2754656867203
11402,224.14489930098824
11403,57.12319327873898
11404,264.66502019787316
11405,-126.75098294470848
11406,-376.2060205940092
11407,48.791373917785
11408,420.19806400514176
11409,-415.55963971310865
11410,-45.072678714988704
11411,-169.48557453543216
11412,744.963322661382
11413,-534.1845713199489
11414,-151.03112809100904
11415,577.9358654693671
11416,46.726387390608096
11417,311.5540818056219
11418,357.3063765881053
11419,265.41273843984027
11420,-253.597369025351
11421,-473.88134405003063
11422,12.68844460587718
11423,-132.56426690048804
11424,72.47381920347641
11425,217.43580522922298
11426,-335.778520112208
11427,-262.20462447685395
11428,95.51698320910181
11429,-209.18192024535986
11430,456.63567349234324
11431,308.4305601974664
11432,-28.8537311256815
11433,-358.51784715108096
11434,128.31172677442643
11435,145.62472438146028
11436,95.66700803418519
11437,268.2835409130819
11438,-466.9244162464641
11439,-314.32094969127104
11440,344.7406648862777
11441,220.70755813671116
11442,-578.4755239012406
11443,174.80907811479477
11444,399.9414839607331
11445,732.6720966332525
11446,667.3027303329166
11447,-63.096512982720945
11448,245.90652202892218
11449,21.730193019488695
11450,-248.65264042472634
11451,-197.04075505173992
11452,-282.0464722650837
11453,-81.15238925755456
11454,52.36536160378663
11455,-2.2571267781346585
11456,-758.8756116063788
11457,213.49145912249023
11458,-169.27147826397666
11459,184.7202886520122
11460,256.56430497475253
11461,-63.24889777651946
11462,-272.717871837325
11463,135.79446347148948
11464,455.78074339530554
11465,-129.3563765217192
11466,62.87337039221979
11467,-386.85293789480437
11468,267.22765883611066
11469,287.24118692262795
11470,-52.099728652584446
11471,76.40695664839099
11472,-138.16215089738094
11473,203.5561486423053
11474,15.488711020266395
11475,-5.968082516969119
11476,-31.64414259096891
11477,221.5663023069261
11478,-687.0023182063171
11479,483.7842231435405
11480,958.0223790880732
11481,191.59606092931145
11482,-58.58970557453556
11483,259.4623062040435
11484,-6.3167575619116345
11485,-270.28846900008847
11486,-772.4642296251158
11487,-146.4633192619986
11488,-37.781460993016005
11489,331.5519575822498
11490,570.4745741117813
11491,-182.59989627575175
11492,-356.0940866069388
11493,84.14295121036442
11494,-115.72664179916526
11495,431.8983819954103
11496,-39.02760836085486
11497,28.163383062948583
11498,-54.0638534332933
11499,-259.9655378401636
11500,157.69687820480812
11501,-451.5735361809531
11502,482.5565048687756
11503,242.55694520909998
11504,-588.1137438098019
11505,81.01709689599376
11506,325.4067394440304
11507,-22.052235150655733
11508,-296.2785041973311
11509,299.05191358613934
11510,468.2699312239481
11511,-99.60746951487798
11512,5.278085447166493
11513,-101.94715017070862
11514,172.81543496339015
11515,-676.7207529529063
11516,-85.33458519818791
11517,117.54369571648203
11518,-83.62878738830572
11519,179.75562770163458
11520,-83.35296347452768
11521,-21.419178952216818
11522,292.12474624327626
11523,-100.16396087765159
11524,-295.44507824255635
11525,-196.19961546096317
11526,-90.40349798566044
11527,-58.11412409491373
11528,-400.3793446976443
11529,236.32717532971503
11530,-312.0048905394504
11531,448.8990473727648
11532,202.7355050769528
11533,94.92875456289633
11534,60.24730791751046
11535,-149.43663249088368
11536,406.7833814658027
11537,600.8120265364314
11538,-23.263559460762472
11539,-565.3127069056476
11540,156.44069172561154
11541,648.6215466239543
11542,405.7197964687429
11543,261.8058313693003
11544,22.35608393501554
11545,238.41247473228853
11546,164.56802375270152
11547,-83.34674114858164
11548,209.77491982449442
11549,-198.97437741530726
11550,-78.73473210337454
11551,27.732488101924794
11552,450.3167950749095
11553,-78.31520558005143
11554,-267.6389063338027
11555,348.3318744546582
11556,-404.4550391740679
11557,330.0959394936935
11558,-532.9705587435967
11559,530.166722833099
11560,-741.0568046410547
11561,478.6495234473404
11562,164.63187921356112
11563,-449.7107531471185
11564,-412.1148110783392
11565,219.12773907510586
11566,-378.68930950300467
11567,368.73338805453443
11568,37.338426958468595
11569,396.4934950040533
11570,-29.32979471853576
11571,35.47525183909054
11572,-267.2910755568138
11573,-417.3465797913096
11574,-250.30106527663784
11575,-228.95720009218704
11576,692.2513473375055
11577,-411.15737206575295
11578,482.32117888249996
11579,109.40386922308718
11580,547.6205815138994
11581,179.88426508469232
11582,-521.5793101895118
11583,-0.5366722202065235
11584,-1.3108832742801366
11585,-248.05083145629604
11586,-243.06806182013153
11587,199.56730075170216
11588,381.3240432569341
11589,-393.168803887397
11590,138.2324527613484
11591,34.24105569798821
11592,-4.629154614118154
11593,-151.86193128195768
11594,335.54637222709
11595,-93.14529808270566
11596,507.7532186638949
11597,-355.46562053382246
11598,143.08978438160915
11599,137.9468840362695
11600,-151.04600604389708
11601,-19.60177369246864
11602,105.84882713406186
11603,-172.78518998126575
11604,482.12726370999803
11605,-267.5391741332548
11606,39.90555578613006
11607,-52.85579653107451
11608,-21.22244673121002
11609,155.37989346108444
11610,-96.06927783501641
11611,-163.17530409699734
11612,-180.36573977355096
11613,-264.67843452360006
11614,171.42795164643715
11615,-11.45771336294225
11616,239.9973419068966
11617,-39.84995383841609
11618,-211.74160655795703
11619,-354.16935617356506
11620,72.47946295208952
11621,306.820204440194
11622,10.710238479162706
11623,-367.9516429972731
11624,280.99867828489926
11625,607.1342789952016
11626,226.07866695707006
11627,565.9296380146842
11628,-147.76747216989864
11629,-314.03756027490465
11630,-180.04553525208854
11631,51.27097737987205
11632,-118.8198422141341
11633,-258.2606219427475
11634,-229.8371302020436
11635,200.364758623152
11636,-348.0714175640104
11637,-584.860865972545
11638,-4.929876831026258
11639,-163.44221481669862
11640,87.02751929856962
11641,41.56663504345358
11642,-494.8904637770151
11643,-60.88771120297493
11644,-173.55136971975057
11645,181.26452118021237
11646,-51.325709086770516
11647,43.95099730518148
11648,-517.9818134858787
11649,-355.55266690328546
11650,272.4021668773413
11651,490.6303834469724
11652,-37.234706867821856
11653,100.19178117715957
11654,32.26474311666965
11655,342.3839958945964
11656,-274.38399640566934
11657,-461.5994801818371
11658,399.11781881563167
11659,59.941662419266336
11660,-119.02693796298153
11661,-281.7090515974909
11662,-127.62868444831874
11663,-556.5819101778252
11664,-79.37923441221966
11665,-84.28398755175036
11666,-212.85815433361972
11667,72.29858467981303
11668,-416.45899892038125
11669,-151.39277066781824
11670,-112.94325746656804
11671,-386.9976053679825
11672,553.3497133654165
11673,-80.93783458087134
11674,265.6051645120159
11675,498.06450504154606
11676,447.8834076769254
11677,-162.95338863409071
11678,121.20351520652025
11679,106.02342845843107
11680,340.5063554149725
11681,4.31441676278144
11682,-92.64783669165415
11683,-354.1295771288345
11684,214.00747653242522
11685,-345.69142874226065
11686,-271.8022086291162
11687,426.3090773781537
11688,-37.757507170520775
11689,-180.4634572378345
11690,-97.5823107880718
11691,347.82231323352636
11692,-237.01309080397752
11693,118.12311870118717
11694,681.4766679385015
11695,275.6633448909283
11696,185.16481639957323
11697,-13.159363367315882
11698,274.0722474871899
11699,178.76102965588308
11700,-178.98039516140645
11701,391.8425175864834
11702,-308.94994109698
11703,-324.8362159483899
11704,262.08713574306825
11705,398.5210640940401
11706,-368.2548804329608
11707,-181.18251143785017
11708,-166.41347208747476
11709,68.98755258725336
11710,-249.49012878431452
11711,443.60337484329034
11712,13.650459883850575
11713,-212.53037852371756
11714,-27.915418712236104
11715,-240.7998218457106
11716,-142.88309144793695
11717,-285.83430439090495
11718,460.63166868009387
11719,-225.10788029950615
11720,97.82651932861985
11721,350.5872568742841
11722,378.82385166848786
11723,-3.8848455252728433
11724,-260.94828856683813
11725,-64.56158617381817
11726,-270.60328416669205
11727,-569.4207476943712
11728,142.46838399487984
11729,228.15231792746698
11730,170.90589405270762
11731,-88.73300598116812
11732,179.5851459685294
11733,176.7868255604932
11734,-56.27057434823841
11735,-185.8725872968258
11736,100.44658731097036
11737,-63.662179545585055
11738,623.2061139971225
11739,-122.16898105378031
11740,-216.57264126812515
11741,-130.98097450073692
11742,-293.8266585893763
11743,167.9238436272994
11744,9.25950759341346
11745,-587.4956962603294
11746,304.72480941847664
11747,251.46359511685222
11748,-304.0609677452423
11749,108.04336957545992
11750,-218.67189979790194
11751,-105.13018388543631
11752,121.356331087157
11753,-302.9640413485009
11754,529.6616399285881
11755,-224.55011115095385
11756,688.8598020995779
11757,121.62140840748263
11758,495.8633096373994
11759,-104.8970080032135
11760,-39.40369282771155
11761,-218.43393840893432
11762,-242.07542923760337
11763,328.46917366165087
11764,-121.57062322437413
11765,-351.96132723645655
11766,235.89654336008965
11767,211.84331613383625
11768,581.985908383125
11769,-187.81685176717676
11770,-88.20353056281309
11771,-121.26318282161452
11772,-682.3449315356838
11773,-61.455993571581764
11774,69.00904133898345
11775,132.89487284698944
11776,41.64682074346328
11777,-513.1698248834679
11778,216.74344092334698
11779,-533.8087878872972
11780,-467.1030650315723
11781,39.69398965514602
11782,178.84483759017888
11783,-255.91268436083172
11784,468.69097201293704
11785,-959.1458675174453
11786,201.86251191588624
11787,-282.5687070757382
11788,-392.4349515666041
11789,-219.6877577980355
11790,169.59302266781216
11791,-21.895665769337313
11792,-242.2799222872568
11793,35.58886075134702
11794,336.44033353004363
11795,-63.33152033000659
11796,-4.446048273787098
11797,-312.3153657145603
11798,14.581415571942395
11799,-258.22351273455047
11800,725.838791330284
11801,-303.8280646204014
11802,-726.1845220640313
11803,93.42268369441321
11804,92.79798258372084
11805,342.412329250673
11806,856.1825394344158
11807,-54.88314706218204
11808,-213.13720641425522
11809,-365.0835488849476
11810,-733.4819620034942
11811,-206.05838193577947
11812,-418.27223526007805
11813,358.8044694709531
11814,-260.6223453246693
11815,546.2345722587842
11816,187.4494866560298
11817,-22.03398290079592
11818,88.73051702341414
11819,-243.13847978487783
11820,-41.379666278955966
11821,-543.6240241200904
11822,840.8060354669686
11823,402.82422181866406
11824,79.42070559550054
11825,473.3897942639646
11826,-57.64549004681632
11827,210.1128672724418
11828,-185.75745290109967
11829,22.769138003585745
11830,940.7468340773519
11831,-442.7066678021557
11832,-475.2447822521932
11833,-339.9942839816209
11834,541.646364730191
11835,333.499079564674
11836,-765.496253379276
11837,91.19318918087234
11838,164.45073228966294
11839,274.6128331227385
11840,263.18825389803794
11841,303.6223346767653
11842,-92.18952553795617
11843,208.9737133756828
11844,-170.03419050961472
11845,41.55819635804772
11846,-670.8313651099279
11847,452.6593777040691
11848,741.8102612544455
11849,420.5524115040746
11850,400.3530024481782
11851,-181.64239575564199
11852,162.0463584020053
11853,2.7480936093335715
11854,534.6906446334302
11855,145.05936874351272
11856,245.63977352375204
11857,192.70633663604966
11858,486.573986371647
11859,525.2699999852709
11860,172.00159142779162
11861,342.56191471401786
11862,-338.44880989512257
11863,99.97133504380325
11864,-176.90171781690302
11865,316.42601020393306
11866,-637.4632411206286
11867,74.5333573639017
11868,-319.6093541834503
11869,-234.07357196963403
11870,238.83176324556229
11871,684.29951585438
11872,-273.39394690634424
11873,229.49387382849594
11874,-191.42805181835215
11875,591.7365509012383
11876,-357.7170769578669
11877,279.34920279935324
11878,16.385346982374436
11879,1015.2321071191622
11880,-44.2476486701167
11881,-259.120384849599
11882,6.686312571179849
11883,113.41765950025376
11884,164.3690604291061
11885,-219.79091064314636
11886,-50.912150165225974
11887,234.69378482921357
11888,-225.74604715601265
11889,-124.56806112023006
11890,89.33080634586234
11891,-24.03982232115326
11892,949.8138509171475
11893,21.685293242947594
11894,-333.0669156217108
11895,51.63526677112763
11896,-328.74705891806934
11897,-622.2335618237694
11898,-406.8257232673674
11899,-126.38083816156995
11900,-298.3568340444091
11901,-494.63240273285027
11902,579.0223407583985
11903,170.4248951223826
11904,160.45127278901418
11905,-127.53245750920827
11906,116.51260749164125
11907,137.24483689523214
11908,-1.2351263056275492
11909,613.2508183966269
11910,435.23448086059415
11911,160.38696710023353
11912,-185.47388977035035
11913,188.64065599401133
11914,-610.5603513173609
11915,23.714657186399663
11916,-97.90469140459574
11917,-120.61345408597208
11918,353.07871733578736
11919,-18.442887505295516
11920,-120.28546893417409
11921,15.392910103857739
11922,185.80696804774465
11923,845.6527630055803
11924,349.45932877055895
11925,45.89263723696656
11926,-7.237928751002215
11927,-164.71617083396023
11928,107.29963692985837
11929,-99.60009978114884
11930,48.61636926930317
11931,41.199706043706676
11932,661.6732170958664
11933,305.95898794977734
11934,500.4110755868316
11935,-231.16099217574458
11936,334.17773249931855
11937,-326.40234266325626
11938,-574.180619583804
11939,148.54087270945197
11940,613.9878825912874
11941,184.52036741988397
11942,-216.10046725875537
11943,-616.073528322987
11944,127.46984067427059
11945,-96.88155439274992
11946,-167.7120378439443
11947,-349.94699488619295
11948,6.614867126926613
11949,543.2797064068862
11950,-362.7810314683379
11951,-330.0574194946649
11952,347.0145487363176
11953,526.4307732934475
11954,-69.34252030457012
11955,368.0894293247758
11956,381.7237196417382
11957,345.85284032808346
11958,-204.6898131886202
11959,157.89721831896392
11960,-967.3833642179112
11961,527.9548197579919
11962,-338.84960578595457
11963,609.1811386017555
11964,381.1166205897982
11965,-18.351583240230333
11966,-92.24291830783105
11967,-166.0868655161451
11968,-173.93959945806236
11969,-221.13734204317635
11970,-228.37612245128585
11971,198.06160680945987
11972,-713.0064769343034
11973,-89.68186474183376
11974,-480.00457016777995
11975,-271.73339592270094
11976,565.3236399366715
11977,96.11148263232964
11978,178.6133585696135
11979,-61.17433245470551
11980,-368.6916872400589
11981,4.847746578177804
11982,414.4138213444016
11983,-760.3183167930518
11984,84.91271532686044
11985,-251.8473255202905
11986,280.7075845895203
11987,-391.2502782510767
11988,608.4991171703748
11989,-27.808460607212318
11990,-123.4141192692563
11991,-130.82924419408275
11992,18.553068892602425
11993,-433.16537587721393
11994,-303.70912611646537
11995,464.7152549850793
11996,496.4853344672787
11997,-35.13540941579551
11998,-131.67918453438722
11999,417.269154621334
